event_date,entry_date,exit_date,entry_price,exit_price,gross_return,net_return
2007-10-18,2007-10-19,2007-10-25,5360.35009765625,5568.9501953125,0.03891538684151574,0.037876731183521084
2007-11-21,2007-11-22,2007-11-28,5564.64990234375,5617.5498046875,0.009506420578493158,0.008497166534519929
2007-12-17,2007-12-18,2007-12-26,5777.60009765625,6070.75,0.05073904344169988,0.049688567083019164
2008-01-18,2008-01-21,2008-01-25,5705.0,5383.35009765625,-0.05638035098049954,-0.05732373472460661
2008-02-07,2008-02-08,2008-02-14,5132.10009765625,5202.0,0.013620136204216315,0.012606769473046286
2008-03-03,2008-03-04,2008-03-11,4958.5498046875,4865.89990234375,-0.018684878844246855,-0.0196659486366223
2008-03-13,2008-03-14,2008-03-24,4623.7998046875,4609.85009765625,-0.0030169357715504885,-0.004013669590012703
2008-03-31,2008-04-01,2008-04-07,4735.64990234375,4761.2001953125,0.005395308668426857,0.004390164708585775
2008-06-20,2008-06-23,2008-06-27,4351.14990234375,4136.64990234375,-0.049297313311237434,-0.050247778322254355
2008-06-27,2008-06-30,2008-07-04,4136.25,4016.0,-0.029072227258990613,-0.030042912299788394
2008-07-15,2008-07-16,2008-07-22,3861.550048828125,4240.10009765625,0.09803059497908229,0.09693283889175208
2008-07-29,2008-07-30,2008-08-05,4191.2001953125,4502.85009765625,0.07435815227635834,0.0732840627136202
2008-09-15,2008-09-16,2008-09-22,4072.550048828125,4223.0498046875,0.03695467312984424,0.03591797769538263
2008-09-26,2008-09-29,2008-10-06,3990.199951171875,3602.35009765625,-0.09720060605026026,-0.09810317974436145
2008-10-10,2008-10-13,2008-10-17,3272.89990234375,3074.35009765625,-0.06066479593381913,-0.06160389630408414
2008-10-22,2008-10-23,2008-10-31,3064.800048828125,2885.60009765625,-0.05847035640722953,-0.05941165066841125
2008-11-05,2008-11-06,2008-11-12,2998.449951171875,2848.449951171875,-0.05002584750209882,-0.05097558416105852
2008-11-18,2008-11-19,2008-11-25,2682.75,2654.0,-0.01071661541328861,-0.011705651477029066
2009-01-07,2009-01-09,2009-01-15,2919.949951171875,2736.699951171875,-0.06275792498650723,-0.0636949327510018
2009-01-15,2009-01-16,2009-01-22,2737.0,2713.800048828125,-0.008476416211865234,-0.009467691914757381
2009-02-02,2009-02-03,2009-02-09,2773.5,2919.89990234375,0.05278525413511814,0.05173273207729667
2009-02-16,2009-02-17,2009-02-24,2853.85009765625,2733.89990234375,-0.0420310076590954,-0.04298873715918816
2009-03-02,2009-03-03,2009-03-09,2672.14990234375,2573.14990234375,-0.03704881972121654,-0.03801153016370018
2009-03-30,2009-03-31,2009-04-08,2981.699951171875,3342.949951171875,0.12115571852158391,0.12003484309199197
2009-04-16,2009-04-17,2009-04-23,3369.5,3423.699951171875,0.016085458130842945,0.015069626694076854
2009-04-28,2009-04-29,2009-05-07,3371.64990234375,3683.89990234375,0.09261044564055854,0.09151810834752938
2009-06-08,2009-06-09,2009-06-15,4427.75,4484.0,0.01270396928462536,0.011691518491333097
2009-06-17,2009-06-18,2009-06-24,4352.9501953125,4292.9501953125,-0.013783755225274863,-0.01476972491598827
2009-07-06,2009-07-07,2009-07-13,4166.0,3974.050048828125,-0.04607536033890425,-0.04702904649740536
2009-08-17,2009-08-18,2009-08-24,4389.5,4642.7998046875,0.05770584455803629,0.056648403139939685
2009-11-03,2009-11-04,2009-11-10,4567.2998046875,4881.7001953125,0.06883725703802623,0.06776868699030247
2010-01-27,2010-01-28,2010-02-03,4863.0,4931.85009765625,0.014157947286911332,0.013144042879111417
2011-02-24,2011-02-25,2011-03-04,5321.0498046875,5538.75,0.04091301590913887,0.0398723631214839
2011-09-22,2011-09-23,2011-09-29,4873.75,5015.4501953125,0.02907416164401133,0.02804534475090792
2013-08-16,2013-08-19,2013-08-23,5497.5498046875,5471.75,-0.0046929642484551115,-0.005688022457447595
2013-08-27,2013-08-28,2013-09-03,5233.4501953125,5341.4501953125,0.0206364818560294,0.019616100533293768
2013-09-03,2013-09-04,2013-09-11,5358.64990234375,5913.14990234375,0.10347755686697768,0.1023743551795
2015-08-24,2015-08-25,2015-08-31,7895.39990234375,7971.2998046875,0.00961318024198099,0.00860381946503419
2016-02-11,2016-02-12,2016-02-18,7023.64990234375,7191.75,0.023933439165320092,0.022909761709514642
2020-02-28,2020-03-02,2020-03-06,11387.349609375,10989.4501953125,-0.03494223218850823,-0.03590704869187766
2020-03-09,2020-03-11,2020-03-17,10334.2998046875,8967.0498046875,-0.13230214197771129,-0.133169622911269
2020-03-23,2020-03-24,2020-03-30,7848.2998046875,8281.099609375,0.05514567682914007,0.05409079493873037
2020-03-30,2020-03-31,2020-04-08,8529.349609375,8748.75,0.02572299186609106,0.024697525304973267
2020-04-21,2020-04-22,2020-04-28,9026.75,9380.900390625,0.0392334329215942,0.038194459297030914
2020-05-04,2020-05-05,2020-05-11,9429.400390625,9239.2001953125,-0.020170974551213527,-0.021150558619405846
2020-05-18,2020-05-19,2020-05-26,8961.7001953125,9029.0498046875,0.007515271422517289,0.006508008029912693
2020-12-21,2020-12-22,2020-12-29,13373.650390625,13932.599609375,0.041794813115634266,0.04075327875122192
2021-02-26,2021-03-01,2021-03-05,14702.5,14938.099609375,0.016024459063084473,0.015008688610136156
2021-04-12,2021-04-13,2021-04-20,14364.900390625,14296.400390625,-0.004768567698854698,-0.005763550323297673
2022-02-14,2022-02-15,2022-02-21,16933.25,17206.650390625,0.016145771817282606,0.015129880081908409
2022-02-24,2022-02-25,2022-03-04,16515.650390625,16245.349609375,-0.01636634191551034,-0.017349729665180225
2024-06-04,2024-06-05,2024-06-11,22128.349609375,23264.849609375,0.051359456085170674,0.050308359468949515
2025-04-07,2025-04-08,2025-04-16,22446.75,23437.19921875,0.0441243930078965,0.043080529645987076
2026-03-19,2026-03-20,2026-03-27,23110.150390625,22819.599609375,-0.01257243143549025,-0.013559612147162503
